cuenta,tipo,monto
1002,DEPOSITO,850.00
1005,RETIRO,1025.50
1005,DEPOSITO,1200.50
1001,DEPOSITO,50.00
1001,DEPOSITO,200.50
1003,RETIRO,1125.50
1003,DEPOSITO,450.50
1003,RETIRO,1225.00
1003,DEPOSITO,900.50
1001,DEPOSITO,1450.50
1004,RETIRO,625.50
1001,DEPOSITO,675.50
1004,DEPOSITO,1325.50
1005,RETIRO,450.50
1005,RETIRO,800.00
1005,DEPOSITO,250.00
1004,RETIRO,200.50
1001,DEPOSITO,1450.00
1005,RETIRO,775.50
1005,DEPOSITO,675.50
1004,RETIRO,850.50
1001,DEPOSITO,500.50
1005,DEPOSITO,1075.50
1003,RETIRO,625.00
1004,RETIRO,775.50
